component_name,roi_type,center_x_px,center_y_px,width_px,height_px,pixel_count,pixel_list
A high,Cursor_3x3,176.45,269.72,1,1,9,"[(175, 269), (175, 270), (175, 271), (176, 269), (176, 270), (176, 271), (177, 269), (177, 270), (177, 271)]"
A low,Cursor_3x3,176.71,242.01,1,1,9,"[(176, 241), (176, 242), (176, 243), (177, 241), (177, 242), (177, 243), (178, 241), (178, 242), (178, 243)]"
A RTD,Cursor_3x3,246.22,239.94,1,1,9,"[(245, 239), (245, 240), (245, 241), (246, 239), (246, 240), (246, 241), (247, 239), (247, 240), (247, 241)]"
A RTD + limit,Cursor_3x3,263.56,275.17,1,1,9,"[(263, 274), (263, 275), (263, 276), (264, 274), (264, 275), (264, 276), (265, 274), (265, 275), (265, 276)]"
B high,Cursor_3x3,337.96,269.25,1,1,9,"[(337, 268), (337, 269), (337, 270), (338, 268), (338, 269), (338, 270), (339, 268), (339, 269), (339, 270)]"
B low,Cursor_3x3,338.00,243.44,1,1,9,"[(337, 242), (337, 243), (337, 244), (338, 242), (338, 243), (338, 244), (339, 242), (339, 243), (339, 244)]"
B RTD,Cursor_3x3,286.64,239.38,1,1,9,"[(286, 238), (286, 239), (286, 240), (287, 238), (287, 239), (287, 240), (288, 238), (288, 239), (288, 240)]"
C18,Cursor_1x1,395.32,287.95,1,1,1,"[(395, 288)]"
C19,Cursor_1x1,410.80,280.79,1,1,1,"[(411, 281)]"
C21,Cursor_1x1,395.28,280.08,1,1,1,"[(395, 280)]"
C23,Cursor_1x1,410.64,186.12,1,1,1,"[(411, 186)]"
C25,Cursor_1x1,424.51,193.85,1,1,1,"[(425, 194)]"
C42,Cursor_1x1,88.39,230.82,1,1,1,"[(88, 231)]"
C52,Cursor_1x1,292.82,203.75,1,1,1,"[(293, 204)]"
C55,Cursor_1x1,400.21,176.43,1,1,1,"[(400, 176)]"
C59,Cursor_1x1,399.99,169.26,1,1,1,"[(400, 169)]"
C66,Cursor_1x1,245.01,266.72,1,1,1,"[(245, 267)]"
C69,Cursor_1x1,220.68,252.59,1,1,1,"[(221, 253)]"
C71,Cursor_1x1,220.72,245.04,1,1,1,"[(221, 245)]"
C79,Cursor_1x1,292.79,250.71,1,1,1,"[(293, 251)]"
C80,Cursor_1x1,294.34,265.83,1,1,1,"[(294, 266)]"
C81,Cursor_1x1,292.57,243.68,1,1,1,"[(293, 244)]"
C93,Cursor_1x1,170.70,245.82,1,1,1,"[(171, 246)]"
C99,Cursor_1x1,424.38,183.91,1,1,1,"[(424, 184)]"
C101,Cursor_1x1,389.23,189.36,1,1,1,"[(389, 189)]"
C102,Cursor_1x1,402.24,189.92,1,1,1,"[(402, 190)]"
C116,Cursor_1x1,84.02,230.69,1,1,1,"[(84, 231)]"
C124,Cursor_1x1,247.52,246.68,1,1,1,"[(248, 247)]"
C127,Cursor_1x1,266.93,246.68,1,1,1,"[(267, 247)]"
CONV,Cursor_1x1,445.69,246.47,1,1,1,"[(446, 246)]"
CR3,Cursor_3x3,381.84,283.69,1,1,9,"[(381, 283), (381, 284), (381, 285), (382, 283), (382, 284), (382, 285), (383, 283), (383, 284), (383, 285)]"
CR4,Cursor_3x3,404.58,202.89,1,1,9,"[(404, 202), (404, 203), (404, 204), (405, 202), (405, 203), (405, 204), (406, 202), (406, 203), (406, 204)]"
CR5,Cursor_3x3,394.76,202.80,1,1,9,"[(394, 202), (394, 203), (394, 204), (395, 202), (395, 203), (395, 204), (396, 202), (396, 203), (396, 204)]"
DATA RX,Cursor_3x3,445.56,265.96,1,1,9,"[(445, 265), (445, 266), (445, 267), (446, 265), (446, 266), (446, 267), (447, 265), (447, 266), (447, 267)]"
DATA TX,Cursor_3x3,385.60,267.26,1,1,9,"[(385, 266), (385, 267), (385, 268), (386, 266), (386, 267), (386, 268), (387, 266), (387, 267), (387, 268)]"
DL1,Cursor_3x3,302.38,228.26,1,1,9,"[(301, 227), (301, 228), (301, 229), (302, 227), (302, 228), (302, 229), (303, 227), (303, 228), (303, 229)]"
DL2,Cursor_3x3,285.54,228.48,1,1,9,"[(285, 227), (285, 228), (285, 229), (286, 227), (286, 228), (286, 229), (287, 227), (287, 228), (287, 229)]"
DL3,Cursor_3x3,207.36,228.01,1,1,9,"[(206, 227), (206, 228), (206, 229), (207, 227), (207, 228), (207, 229), (208, 227), (208, 228), (208, 229)]"
DL4,Cursor_3x3,269.22,228.31,1,1,9,"[(268, 227), (268, 228), (268, 229), (269, 227), (269, 228), (269, 229), (270, 227), (270, 228), (270, 229)]"
DL5,Cursor_3x3,253.88,228.31,1,1,9,"[(253, 227), (253, 228), (253, 229), (254, 227), (254, 228), (254, 229), (255, 227), (255, 228), (255, 229)]"
DL6,Cursor_3x3,222.68,228.07,1,1,9,"[(222, 227), (222, 228), (222, 229), (223, 227), (223, 228), (223, 229), (224, 227), (224, 228), (224, 229)]"
DL7,Cursor_3x3,238.70,228.14,1,1,9,"[(238, 227), (238, 228), (238, 229), (239, 227), (239, 228), (239, 229), (240, 227), (240, 228), (240, 229)]"
DL8,Cursor_3x3,419.27,29.36,1,1,9,"[(418, 28), (418, 29), (418, 30), (419, 28), (419, 29), (419, 30), (420, 28), (420, 29), (420, 30)]"
DL9,Cursor_3x3,372.41,206.87,1,1,9,"[(371, 206), (371, 207), (371, 208), (372, 206), (372, 207), (372, 208), (373, 206), (373, 207), (373, 208)]"
DL10,Cursor_3x3,224.09,205.32,1,1,9,"[(223, 204), (223, 205), (223, 206), (224, 204), (224, 205), (224, 206), (225, 204), (225, 205), (225, 206)]"
DL11,Cursor_3x3,241.77,205.32,1,1,9,"[(241, 204), (241, 205), (241, 206), (242, 204), (242, 205), (242, 206), (243, 204), (243, 205), (243, 206)]"
DL12,Cursor_3x3,160.78,205.61,1,1,9,"[(160, 205), (160, 206), (160, 207), (161, 205), (161, 206), (161, 207), (162, 205), (162, 206), (162, 207)]"
DL13,Cursor_3x3,314.77,207.04,1,1,9,"[(314, 206), (314, 207), (314, 208), (315, 206), (315, 207), (315, 208), (316, 206), (316, 207), (316, 208)]"
DL16,Cursor_3x3,318.74,228.01,1,1,9,"[(318, 227), (318, 228), (318, 229), (319, 227), (319, 228), (319, 229), (320, 227), (320, 228), (320, 229)]"
F1,Cursor_3x3,92.93,81.24,1,1,9,"[(92, 80), (92, 81), (92, 82), (93, 80), (93, 81), (93, 82), (94, 80), (94, 81), (94, 82)]"
Fault,Cursor_3x3,164.88,275.45,1,1,9,"[(164, 274), (164, 275), (164, 276), (165, 274), (165, 275), (165, 276), (166, 274), (166, 275), (166, 276)]"
GND,Cursor_3x3,138.23,220.01,1,1,9,"[(137, 219), (137, 220), (137, 221), (138, 219), (138, 220), (138, 221), (139, 219), (139, 220), (139, 221)]"
H1,Cursor_3x3,111.13,48.38,1,1,9,"[(110, 47), (110, 48), (110, 49), (111, 47), (111, 48), (111, 49), (112, 47), (112, 48), (112, 49)]"
H2,Cursor_3x3,374.01,175.14,1,1,9,"[(373, 174), (373, 175), (373, 176), (374, 174), (374, 175), (374, 176), (375, 174), (375, 175), (375, 176)]"
H3,Cursor_3x3,399.69,38.22,1,1,9,"[(399, 37), (399, 38), (399, 39), (400, 37), (400, 38), (400, 39), (401, 37), (401, 38), (401, 39)]"
Iac,Cursor_3x3,432.29,289.05,1,1,9,"[(431, 288), (431, 289), (431, 290), (432, 288), (432, 289), (432, 290), (433, 288), (433, 289), (433, 290)]"
Iac - limit,Cursor_3x3,404.92,272.45,1,1,9,"[(404, 271), (404, 272), (404, 273), (405, 271), (405, 272), (405, 273), (406, 271), (406, 272), (406, 273)]"
Iac + limit,Cursor_3x3,404.96,293.78,1,1,9,"[(404, 293), (404, 294), (404, 295), (405, 293), (405, 294), (405, 295), (406, 293), (406, 294), (406, 295)]"
IC1,Cursor_3x3,147.14,267.91,1,1,9,"[(146, 267), (146, 268), (146, 269), (147, 267), (147, 268), (147, 269), (148, 267), (148, 268), (148, 269)]"
IC2,Cursor_3x3,392.66,255.29,1,1,9,"[(392, 254), (392, 255), (392, 256), (393, 254), (393, 255), (393, 256), (394, 254), (394, 255), (394, 256)]"
Idc,Cursor_3x3,419.40,171.37,1,1,9,"[(418, 170), (418, 171), (418, 172), (419, 170), (419, 171), (419, 172), (420, 170), (420, 171), (420, 172)]"
Idc - limit,Cursor_3x3,428.53,170.08,1,1,9,"[(428, 169), (428, 170), (428, 171), (429, 169), (429, 170), (429, 171), (430, 169), (430, 170), (430, 171)]"
Idc + limit,Cursor_3x3,427.70,207.43,1,1,9,"[(427, 206), (427, 207), (427, 208), (428, 206), (428, 207), (428, 208), (429, 206), (429, 207), (429, 208)]"
J1,Cursor_3x3,79.22,249.19,1,1,9,"[(78, 248), (78, 249), (78, 250), (79, 248), (79, 249), (79, 250), (80, 248), (80, 249), (80, 250)]"
J2,Cursor_3x3,442.36,170.07,1,1,9,"[(441, 169), (441, 170), (441, 171), (442, 169), (442, 170), (442, 171), (443, 169), (443, 170), (443, 171)]"
J3,Cursor_3x3,356.63,220.70,1,1,9,"[(356, 220), (356, 221), (356, 222), (357, 220), (357, 221), (357, 222), (358, 220), (358, 221), (358, 222)]"
J3,Cursor_3x3,430.99,145.00,1,1,9,"[(430, 144), (430, 145), (430, 146), (431, 144), (431, 145), (431, 146), (432, 144), (432, 145), (432, 146)]"
J4,Cursor_3x3,385.64,202.80,1,1,9,"[(385, 202), (385, 203), (385, 204), (386, 202), (386, 203), (386, 204), (387, 202), (387, 203), (387, 204)]"
J4,Cursor_3x3,420.53,283.43,1,1,9,"[(420, 282), (420, 283), (420, 284), (421, 282), (421, 283), (421, 284), (422, 282), (422, 283), (422, 284)]"
J5,Cursor_3x3,140.31,232.50,1,1,9,"[(139, 232), (139, 233), (139, 234), (140, 232), (140, 233), (140, 234), (141, 232), (141, 233), (141, 234)]"
J6,Cursor_3x3,415.64,176.43,1,1,9,"[(415, 175), (415, 176), (415, 177), (416, 175), (416, 176), (416, 177), (417, 175), (417, 176), (417, 177)]"
J6,Cursor_3x3,203.64,286.63,1,1,9,"[(203, 286), (203, 287), (203, 288), (204, 286), (204, 287), (204, 288), (205, 286), (205, 287), (205, 288)]"
J7,Cursor_3x3,234.59,287.06,1,1,9,"[(234, 286), (234, 287), (234, 288), (235, 286), (235, 287), (235, 288), (236, 286), (236, 287), (236, 288)]"
J7,Cursor_3x3,312.28,286.28,1,1,9,"[(311, 285), (311, 286), (311, 287), (312, 285), (312, 286), (312, 287), (313, 285), (313, 286), (313, 287)]"
J8,Cursor_3x3,349.54,288.05,1,1,9,"[(349, 287), (349, 288), (349, 289), (350, 287), (350, 288), (350, 289), (351, 287), (351, 288), (351, 289)]"
J9,Cursor_3x3,108.62,284.38,1,1,9,"[(108, 283), (108, 284), (108, 285), (109, 283), (109, 284), (109, 285), (110, 283), (110, 284), (110, 285)]"
J10,Cursor_3x3,426.32,272.10,1,1,9,"[(425, 271), (425, 272), (425, 273), (426, 271), (426, 272), (426, 273), (427, 271), (427, 272), (427, 273)]"
J10,Cursor_3x3,356.20,258.83,1,1,9,"[(355, 258), (355, 259), (355, 260), (356, 258), (356, 259), (356, 260), (357, 258), (357, 259), (357, 260)]"
L8,Cursor_3x3,107.71,81.15,1,1,9,"[(107, 80), (107, 81), (107, 82), (108, 80), (108, 81), (108, 82), (109, 80), (109, 81), (109, 82)]"
PS1,Cursor_3x3,271.86,206.18,1,1,9,"[(271, 205), (271, 206), (271, 207), (272, 205), (272, 206), (272, 207), (273, 205), (273, 206), (273, 207)]"
PS2,Cursor_3x3,333.50,204.36,1,1,9,"[(333, 203), (333, 204), (333, 205), (334, 203), (334, 204), (334, 205), (335, 203), (335, 204), (335, 205)]"
PS3,Cursor_3x3,179.73,204.62,1,1,9,"[(179, 204), (179, 205), (179, 206), (180, 204), (180, 205), (180, 206), (181, 204), (181, 205), (181, 206)]"
R1,Cursor_1x1,395.67,154.77,1,1,1,"[(396, 155)]"
R2,Cursor_1x1,388.97,54.48,1,1,1,"[(389, 54)]"
R3,Cursor_1x1,388.97,67.92,1,1,1,"[(389, 68)]"
R4,Cursor_1x1,388.97,81.05,1,1,1,"[(389, 81)]"
R5,Cursor_1x1,388.97,94.29,1,1,1,"[(389, 94)]"
R6,Cursor_1x1,393.98,143.71,1,1,1,"[(394, 144)]"
R7,Cursor_1x1,395.71,158.28,1,1,1,"[(396, 158)]"
R8,Cursor_1x1,391.04,143.71,1,1,1,"[(391, 144)]"
R9,Cursor_1x1,388.02,103.93,1,1,1,"[(388, 104)]"
R10,Cursor_1x1,389.10,158.28,1,1,1,"[(389, 158)]"
R11,Cursor_1x1,389.08,154.73,1,1,1,"[(389, 155)]"
R12,Cursor_1x1,382.01,103.89,1,1,1,"[(382, 104)]"
R13,Cursor_1x1,410.67,154.77,1,1,1,"[(411, 155)]"
R14,Cursor_1x1,366.06,206.87,1,1,1,"[(366, 207)]"
R15,Cursor_1x1,410.02,143.71,1,1,1,"[(410, 144)]"
R16,Cursor_1x1,410.67,158.28,1,1,1,"[(411, 158)]"
R17,Cursor_1x1,218.21,205.32,1,1,1,"[(218, 205)]"
R18,Cursor_1x1,405.22,143.66,1,1,1,"[(405, 144)]"
R19,Cursor_1x1,404.27,158.28,1,1,1,"[(404, 158)]"
R20,Cursor_1x1,404.23,154.73,1,1,1,"[(404, 155)]"
R21,Cursor_1x1,398.43,287.75,1,1,1,"[(398, 288)]"
R22,Cursor_1x1,410.80,286.43,1,1,1,"[(411, 286)]"
R23,Cursor_1x1,420.40,274.52,1,1,1,"[(420, 275)]"
R25,Cursor_1x1,384.86,281.09,1,1,1,"[(385, 281)]"
R26,Cursor_1x1,398.44,280.08,1,1,1,"[(398, 280)]"
R27,Cursor_1x1,410.64,183.27,1,1,1,"[(411, 183)]"
R28,Cursor_1x1,424.46,190.57,1,1,1,"[(424, 191)]"
R30,Cursor_1x1,402.72,195.09,1,1,1,"[(403, 195)]"
R32,Cursor_1x1,424.42,187.02,1,1,1,"[(424, 187)]"
R33,Cursor_1x1,396.19,189.88,1,1,1,"[(396, 190)]"
R34,Cursor_1x1,389.22,186.46,1,1,1,"[(389, 186)]"
R35,Cursor_1x1,236.00,205.32,1,1,1,"[(236, 205)]"
R37,Cursor_1x1,387.48,194.88,1,1,1,"[(387, 195)]"
R38,Cursor_1x1,394.76,199.60,1,1,1,"[(395, 200)]"
R42,Cursor_1x1,222.79,269.08,1,1,1,"[(223, 269)]"
R43,Cursor_1x1,222.79,263.33,1,1,1,"[(223, 263)]"
R45,Cursor_1x1,155.72,228.16,1,1,1,"[(156, 228)]"
R46,Cursor_1x1,217.99,252.59,1,1,1,"[(218, 253)]"
R48,Cursor_1x1,223.40,252.59,1,1,1,"[(223, 253)]"
R51,Cursor_1x1,217.99,245.06,1,1,1,"[(218, 245)]"
R53,Cursor_1x1,223.40,245.04,1,1,1,"[(223, 245)]"
R56,Cursor_1x1,410.56,71.76,1,1,1,"[(411, 72)]"
R57,Cursor_1x1,410.58,108.20,1,1,1,"[(411, 108)]"
R58,Cursor_1x1,437.00,108.13,1,1,1,"[(437, 108)]"
R59,Cursor_1x1,436.97,71.59,1,1,1,"[(437, 72)]"
R60,Cursor_1x1,295.51,250.71,1,1,1,"[(296, 251)]"
R61,Cursor_1x1,155.72,215.25,1,1,1,"[(156, 215)]"
R62,Cursor_1x1,290.07,250.71,1,1,1,"[(290, 251)]"
R63,Cursor_1x1,295.30,243.68,1,1,1,"[(295, 244)]"
R64,Cursor_1x1,272.51,269.29,1,1,1,"[(273, 269)]"
R65,Cursor_1x1,272.51,264.01,1,1,1,"[(273, 264)]"
R66,Cursor_1x1,289.85,243.68,1,1,1,"[(290, 244)]"
R88,Cursor_1x1,154.90,205.61,1,1,1,"[(155, 206)]"
R89,Cursor_1x1,155.72,220.42,1,1,1,"[(156, 220)]"
R90,Cursor_1x1,155.72,225.58,1,1,1,"[(156, 226)]"
R91,Cursor_1x1,155.72,230.74,1,1,1,"[(156, 231)]"
R92,Cursor_1x1,155.72,223.00,1,1,1,"[(156, 223)]"
R93,Cursor_1x1,167.95,230.74,1,1,1,"[(168, 231)]"
R94,Cursor_1x1,167.95,228.16,1,1,1,"[(168, 228)]"
R95,Cursor_1x1,167.95,225.58,1,1,1,"[(168, 226)]"
R96,Cursor_1x1,167.95,223.00,1,1,1,"[(168, 223)]"
R97,Cursor_1x1,167.95,217.84,1,1,1,"[(168, 218)]"
R98,Cursor_1x1,155.72,217.84,1,1,1,"[(156, 218)]"
R99,Cursor_1x1,167.95,220.42,1,1,1,"[(168, 220)]"
R100,Cursor_1x1,167.95,215.25,1,1,1,"[(168, 215)]"
R101,Cursor_1x1,309.10,207.00,1,1,1,"[(309, 207)]"
R103,Cursor_1x1,434.97,169.86,1,1,1,"[(435, 170)]"
R104,Cursor_1x1,384.86,286.45,1,1,1,"[(385, 286)]"
R105,Cursor_1x1,405.40,195.09,1,1,1,"[(405, 195)]"
R107,Cursor_1x1,247.52,243.57,1,1,1,"[(248, 244)]"
R120,Cursor_1x1,266.97,243.57,1,1,1,"[(267, 244)]"
R121,Cursor_1x1,297.04,228.39,1,1,1,"[(297, 228)]"
R122,Cursor_1x1,280.46,228.44,1,1,1,"[(280, 228)]"
R123,Cursor_1x1,202.41,228.01,1,1,1,"[(202, 228)]"
R124,Cursor_1x1,264.20,228.35,1,1,1,"[(264, 228)]"
R125,Cursor_1x1,248.73,228.35,1,1,1,"[(249, 228)]"
R126,Cursor_1x1,217.54,228.03,1,1,1,"[(218, 228)]"
R127,Cursor_1x1,233.56,228.16,1,1,1,"[(234, 228)]"
R131,Cursor_1x1,93.39,230.84,1,1,1,"[(93, 231)]"
R138,Cursor_1x1,313.67,228.09,1,1,1,"[(314, 228)]"
R139,Cursor_1x1,167.95,233.32,1,1,1,"[(168, 233)]"
R140,Cursor_1x1,155.72,233.32,1,1,1,"[(156, 233)]"
RST High,Cursor_1x1,93.10,241.49,1,1,1,"[(93, 241)]"
RST Low,Cursor_1x1,325.81,224.81,1,1,1,"[(326, 225)]"
SCLK,Cursor_3x3,445.52,227.70,1,1,9,"[(445, 227), (445, 228), (445, 229), (446, 227), (446, 228), (446, 229), (447, 227), (447, 228), (447, 229)]"
SW1,Cursor_3x3,104.82,230.99,1,1,9,"[(104, 230), (104, 231), (104, 232), (105, 230), (105, 231), (105, 232), (106, 230), (106, 231), (106, 232)]"
SW2,Cursor_3x3,393.99,223.39,1,1,9,"[(393, 222), (393, 223), (393, 224), (394, 222), (394, 223), (394, 224), (395, 222), (395, 223), (395, 224)]"
U1,Cursor_3x3,392.38,137.61,1,1,9,"[(391, 137), (391, 138), (391, 139), (392, 137), (392, 138), (392, 139), (393, 137), (393, 138), (393, 139)]"
U2,Cursor_3x3,392.38,150.01,1,1,9,"[(391, 149), (391, 150), (391, 151), (392, 149), (392, 150), (392, 151), (393, 149), (393, 150), (393, 151)]"
U3,Cursor_3x3,392.30,172.71,1,1,9,"[(391, 172), (391, 173), (391, 174), (392, 172), (392, 173), (392, 174), (393, 172), (393, 173), (393, 174)]"
U4,Cursor_3x3,407.63,137.47,1,1,9,"[(407, 136), (407, 137), (407, 138), (408, 136), (408, 137), (408, 138), (409, 136), (409, 137), (409, 138)]"
U5,Cursor_3x3,407.63,150.01,1,1,9,"[(407, 149), (407, 150), (407, 151), (408, 149), (408, 150), (408, 151), (409, 149), (409, 150), (409, 151)]"
U6,Cursor_3x3,407.86,172.80,1,1,9,"[(407, 172), (407, 173), (407, 174), (408, 172), (408, 173), (408, 174), (409, 172), (409, 173), (409, 174)]"
U7,Cursor_3x3,390.11,283.77,1,1,9,"[(389, 283), (389, 284), (389, 285), (390, 283), (390, 284), (390, 285), (391, 283), (391, 284), (391, 285)]"
U8,Cursor_3x3,410.52,194.63,1,1,9,"[(410, 194), (410, 195), (410, 196), (411, 194), (411, 195), (411, 196), (412, 194), (412, 195), (412, 196)]"
U9,Cursor_3x3,394.81,194.85,1,1,9,"[(394, 194), (394, 195), (394, 196), (395, 194), (395, 195), (395, 196), (396, 194), (396, 195), (396, 196)]"
U10,Cursor_3x3,256.86,259.26,1,1,9,"[(256, 258), (256, 259), (256, 260), (257, 258), (257, 259), (257, 260), (258, 258), (258, 259), (258, 260)]"
U12,Cursor_3x3,236.96,247.85,1,1,9,"[(236, 247), (236, 248), (236, 249), (237, 247), (237, 248), (237, 249), (238, 247), (238, 248), (238, 249)]"
U13,Cursor_3x3,277.88,247.85,1,1,9,"[(277, 247), (277, 248), (277, 249), (278, 247), (278, 248), (278, 249), (279, 247), (279, 248), (279, 249)]"
U14,Cursor_3x3,428.99,221.78,1,1,9,"[(428, 221), (428, 222), (428, 223), (429, 221), (429, 222), (429, 223), (430, 221), (430, 222), (430, 223)]"
U16,Cursor_3x3,428.99,239.16,1,1,9,"[(428, 238), (428, 239), (428, 240), (429, 238), (429, 239), (429, 240), (430, 238), (430, 239), (430, 240)]"
U17,Cursor_3x3,200.83,264.71,1,1,9,"[(200, 264), (200, 265), (200, 266), (201, 264), (201, 265), (201, 266), (202, 264), (202, 265), (202, 266)]"
U18,Cursor_3x3,200.83,247.37,1,1,9,"[(200, 246), (200, 247), (200, 248), (201, 246), (201, 247), (201, 248), (202, 246), (202, 247), (202, 248)]"
U19,Cursor_3x3,233.86,266.48,1,1,9,"[(233, 265), (233, 266), (233, 267), (234, 265), (234, 266), (234, 267), (235, 265), (235, 266), (235, 267)]"
U20,Cursor_3x3,247.37,254.33,1,1,9,"[(246, 253), (246, 254), (246, 255), (247, 253), (247, 254), (247, 255), (248, 253), (248, 254), (248, 255)]"
U21,Cursor_3x3,320.63,264.67,1,1,9,"[(320, 264), (320, 265), (320, 266), (321, 264), (321, 265), (321, 266), (322, 264), (322, 265), (322, 266)]"
U22,Cursor_3x3,320.63,247.29,1,1,9,"[(320, 246), (320, 247), (320, 248), (321, 246), (321, 247), (321, 248), (322, 246), (322, 247), (322, 248)]"
U23,Cursor_3x3,283.40,266.18,1,1,9,"[(282, 265), (282, 266), (282, 267), (283, 265), (283, 266), (283, 267), (284, 265), (284, 266), (284, 267)]"
U24,Cursor_3x3,267.49,254.29,1,1,9,"[(266, 253), (266, 254), (266, 255), (267, 253), (267, 254), (267, 255), (268, 253), (268, 254), (268, 255)]"
U25,Cursor_3x3,428.99,256.54,1,1,9,"[(428, 256), (428, 257), (428, 258), (429, 256), (429, 257), (429, 258), (430, 256), (430, 257), (430, 258)]"
U26,Cursor_3x3,399.69,209.11,1,1,9,"[(399, 208), (399, 209), (399, 210), (400, 208), (400, 209), (400, 210), (401, 208), (401, 209), (401, 210)]"
U27,Cursor_3x3,299.70,221.26,1,1,9,"[(299, 220), (299, 221), (299, 222), (300, 220), (300, 221), (300, 222), (301, 220), (301, 221), (301, 222)]"
U28,Cursor_3x3,282.79,221.35,1,1,9,"[(282, 220), (282, 221), (282, 222), (283, 220), (283, 221), (283, 222), (284, 220), (284, 221), (284, 222)]"
U29,Cursor_3x3,204.70,221.13,1,1,9,"[(204, 220), (204, 221), (204, 222), (205, 220), (205, 221), (205, 222), (206, 220), (206, 221), (206, 222)]"
U30,Cursor_3x3,266.54,221.28,1,1,9,"[(266, 220), (266, 221), (266, 222), (267, 220), (267, 221), (267, 222), (268, 220), (268, 221), (268, 222)]"
U31,Cursor_3x3,251.07,221.39,1,1,9,"[(250, 220), (250, 221), (250, 222), (251, 220), (251, 221), (251, 222), (252, 220), (252, 221), (252, 222)]"
U32,Cursor_3x3,219.99,220.90,1,1,9,"[(219, 220), (219, 221), (219, 222), (220, 220), (220, 221), (220, 222), (221, 220), (221, 221), (221, 222)]"
U33,Cursor_3x3,235.89,220.87,1,1,9,"[(235, 220), (235, 221), (235, 222), (236, 220), (236, 221), (236, 222), (237, 220), (237, 221), (237, 222)]"
U34,Cursor_3x3,161.41,245.39,1,1,9,"[(160, 244), (160, 245), (160, 246), (161, 244), (161, 245), (161, 246), (162, 244), (162, 245), (162, 246)]"
U35,Cursor_3x3,164.04,286.28,1,1,9,"[(163, 285), (163, 286), (163, 287), (164, 285), (164, 286), (164, 287), (165, 285), (165, 286), (165, 287)]"
U36,Cursor_3x3,243.90,60.62,1,1,9,"[(243, 60), (243, 61), (243, 62), (244, 60), (244, 61), (244, 62), (245, 60), (245, 61), (245, 62)]"
U38,Cursor_3x3,256.94,252.00,1,1,9,"[(256, 251), (256, 252), (256, 253), (257, 251), (257, 252), (257, 253), (258, 251), (258, 252), (258, 253)]"
U39,Cursor_3x3,347.73,233.54,1,1,9,"[(347, 233), (347, 234), (347, 235), (348, 233), (348, 234), (348, 235), (349, 233), (349, 234), (349, 235)]"
U40,Cursor_3x3,316.13,221.26,1,1,9,"[(315, 220), (315, 221), (315, 222), (316, 220), (316, 221), (316, 222), (317, 220), (317, 221), (317, 222)]"
U200,Cursor_3x3,105.81,259.52,1,1,9,"[(105, 259), (105, 260), (105, 261), (106, 259), (106, 260), (106, 261), (107, 259), (107, 260), (107, 261)]"
Vdc,Cursor_3x3,388.38,120.06,1,1,9,"[(387, 119), (387, 120), (387, 121), (388, 119), (388, 120), (388, 121), (389, 119), (389, 120), (389, 121)]"
Vdc + limit,Cursor_3x3,390.06,181.71,1,1,9,"[(389, 181), (389, 182), (389, 183), (390, 181), (390, 182), (390, 183), (391, 181), (391, 182), (391, 183)]"
Voltage-Freq Le,Cursor_3x3,265.55,237.39,1,1,9,"[(265, 236), (265, 237), (265, 238), (266, 236), (266, 237), (266, 238), (267, 236), (267, 237), (267, 238)]"
VR1,Cursor_3x3,404.66,283.69,1,1,9,"[(404, 283), (404, 284), (404, 285), (405, 283), (405, 284), (405, 285), (406, 283), (406, 284), (406, 285)]"
VR2,Cursor_3x3,424.98,178.08,1,1,9,"[(424, 177), (424, 178), (424, 179), (425, 177), (425, 178), (425, 179), (426, 177), (426, 178), (426, 179)]"
VR3,Cursor_3x3,424.20,199.78,1,1,9,"[(423, 199), (423, 200), (423, 201), (424, 199), (424, 200), (424, 201), (425, 199), (425, 200), (425, 201)]"
VR4,Cursor_3x3,399.22,184.30,1,1,9,"[(398, 183), (398, 184), (398, 185), (399, 183), (399, 184), (399, 185), (400, 183), (400, 184), (400, 185)]"
VR5,Cursor_3x3,256.86,244.00,1,1,9,"[(256, 243), (256, 244), (256, 245), (257, 243), (257, 244), (257, 245), (258, 243), (258, 244), (258, 245)]"
VR6,Cursor_3x3,257.33,267.52,1,1,9,"[(256, 267), (256, 268), (256, 269), (257, 267), (257, 268), (257, 269), (258, 267), (258, 268), (258, 269)]"
